SKU,link
CD65000082A4B26PH,https://www.lamudi.com.ph/new-developments/westwind-at-lancaster-new-city/1br-low-rise-condo-unit-for-sale-in-kawit-cavite-w-170417444982/
CD65F2D2FB2808EPH,https://www.lamudi.com.ph/new-developments/aviana/studio-unit-2f-condo-unit-for-sale-in-bucandala-iv-171046433748/
CD66475144385A7PH,https://www.lamudi.com.ph/projects/one-lancaster-park/prime-pre-selling-condo-units-in-cavite-for-as-low-171595087550/
CD65D7FFD5AEFFEPH,https://www.lamudi.com.ph/new-developments/garden-city-1/1br-condo-unit-for-sale-in-bacoor-cavite-at-garden-170865781646/
CD65D7FFCF00BF3PH,https://www.lamudi.com.ph/new-developments/garden-city-1/studio-condo-unit-for-sale-in-bacoor-cavite-at-gar-170865781478/
CD65D7FFD38C1AEPH,https://www.lamudi.com.ph/new-developments/garden-city-1/3br-condo-unit-for-sale-in-bacoor-cavite-at-garden-170865781968/
CD65E5A27A6F70DPH,https://www.lamudi.com.ph/new-developments/aviana/1-bedroom-gf-condo-unit-for-sale-in-bucandala-iv-i-171046365519/
CD65F2D2FBE15BEPH,https://www.lamudi.com.ph/new-developments/aviana/1-bedroom-5f-condo-unit-for-sale-in-bucandala-iv-i-171046433768/
CD650000873C4E3PH,https://www.lamudi.com.ph/new-developments/westwind-at-lancaster-new-city/1br-w-balcony-low-rise-condo-unit-for-sale-in-kawi-170417444580/
CD65F2D2FC4D075PH,https://www.lamudi.com.ph/new-developments/aviana/studio-unit-5f-condo-unit-for-sale-in-bucandala-iv-17104643356/
CD65F2D2FBF055CPH,https://www.lamudi.com.ph/new-developments/aviana/1-bedroom-5f-condo-unit-for-sale-in-bucandala-iv-i-171046433857/
CD5F6C191EBB985PH,https://www.lamudi.com.ph/new-developments/serin-east-tagaytay/2-bedroom-condo-unit-for-sale-at-serin-east-tagayt-168180888257/
CD65F2D2FC6E6F7PH,https://www.lamudi.com.ph/new-developments/aviana/1-bedroom-6f-condo-unit-for-sale-in-bucandala-iv-i-171046433567/
CD650000812BDC1PH,https://www.lamudi.com.ph/new-developments/westwind-at-lancaster-new-city/1br-w-balcony-low-rise-condo-unit-for-sale-in-imus-170417444748/
CD5F6C191E463C9PH,https://www.lamudi.com.ph/new-developments/serin-east-tagaytay/1-bedroom-condo-unit-for-sale-at-serin-east-tagayt-168180888134/
CD64A28DCE3AA4DPH,https://www.lamudi.com.ph/new-developments/garden-city-1/2br-condo-unit-for-sale-in-bacoor-cavite-at-garden-170859375168/
CD65D7FFCEF0A3FPH,https://www.lamudi.com.ph/new-developments/garden-city-1/2br-condo-unit-for-sale-in-bacoor-cavite-at-garden-170865781770/
CD64A28DC9A8927PH,https://www.lamudi.com.ph/new-developments/garden-city-1/executive-studio-condo-unit-for-sale-in-bacoor-cav-170859542738/
CD657002BE32007PH,https://www.lamudi.com.ph/new-developments/garden-city-1/for-sale-2br-condo-unit-in-bacoor-cavite-at-garden-170859542937/
CD657002BE064F2PH,https://www.lamudi.com.ph/new-developments/garden-city-1/executive-studio-condo-unit-for-sale-in-bacoor-cav-170859542665/
CD6503D3F473AB1PH,https://www.lamudi.com.ph/new-developments/garden-city-1/executive-studio-condo-unit-for-sale-in-bacoor-cav-170859543213/
CD6500021EA3A76PH,https://www.lamudi.com.ph/new-developments/westwind-at-lancaster-new-city/studio-low-rise-condo-unit-for-sale-in-kawit-cavit-170417445387/
CD65E5A27A15EC8PH,https://www.lamudi.com.ph/new-developments/aviana/1-bedroom-gf-condo-unit-for-sale-in-bucandala-iv-i-171046365728/
CD64C24798E1634PH,https://www.lamudi.com.ph/new-developments/westwind-at-lancaster-new-city/1br-low-rise-condo-unit-for-sale-in-general-trias-170417444696/
CD6503D3FA5C37APH,https://www.lamudi.com.ph/new-developments/garden-city-1/executive-2br-condo-unit-for-sale-in-bacoor-cavite-170859542960/
CD6503D3F7CDEBFPH,https://www.lamudi.com.ph/new-developments/garden-city-1/for-sale-executive-2br-condo-unit-in-bacoor-cavite-170859542351/
CD64A28B5BF2DC7PH,https://www.lamudi.com.ph/new-developments/garden-city-1/studio-condo-unit-for-sale-in-bacoor-cavite-at-gar-170859374553/
CD657002B68155BPH,https://www.lamudi.com.ph/new-developments/garden-city-1/studio-condo-unit-for-sale-in-bacoor-cavite-at-gar-170859543515/
CD6503D3F494BC7PH,https://www.lamudi.com.ph/new-developments/garden-city-1/for-sale-2br-condo-unit-in-bacoor-cavite-at-garden-170859542374/
CD65D7FFD1419C4PH,https://www.lamudi.com.ph/new-developments/garden-city-1/studio-condo-unit-for-sale-in-bacoor-cavite-at-gar-170865782559/
CD657002C0F0C5BPH,https://www.lamudi.com.ph/new-developments/garden-city-1/executive-studio-condo-unit-for-sale-in-bacoor-cav-170859543045/
CD65D7FFD7976FCPH,https://www.lamudi.com.ph/new-developments/garden-city-1/2br-condo-unit-for-sale-in-bacoor-cavite-at-garden-170865781294/
CD64FFFD5A8A831PH,https://www.lamudi.com.ph/new-developments/westwind-at-lancaster-new-city/studio-low-rise-condo-unit-for-sale-in-imus-cavite-170417444872/
CD64C245F53EE2EPH,https://www.lamudi.com.ph/new-developments/westwind-at-lancaster-new-city/studio-low-rise-condo-unit-for-sale-in-general-tri-170417444786/
CD65000214C0BE0PH,https://www.lamudi.com.ph/new-developments/westwind-at-lancaster-new-city/1br-low-rise-condo-unit-for-sale-in-imus-cavite-we-170417444571/
CD65F2D2FCD1E58PH,https://www.lamudi.com.ph/new-developments/aviana/1-bedroom-2f-condo-unit-for-sale-in-bucandala-iv-i-171046433475/
CD65F2D2FB9C1A5PH,https://www.lamudi.com.ph/new-developments/aviana/studio-unit-3f-condo-unit-for-sale-in-bucandala-iv-17104643396/
CD65F2D2FB20212PH,https://www.lamudi.com.ph/new-developments/aviana/studio-unit-7f-condo-unit-for-sale-in-bucandala-iv-171046433924/
CD65D7FFD161F40PH,https://www.lamudi.com.ph/new-developments/garden-city-1/3br-condo-unit-for-sale-in-bacoor-cavite-at-garden-170865781285/
CD64A28DD2B8FE6PH,https://www.lamudi.com.ph/new-developments/garden-city-1/executive-2br-condo-unit-for-sale-in-bacoor-cavite-170859542768/
CD6503D3F7A52A5PH,https://www.lamudi.com.ph/new-developments/garden-city-1/2br-condo-unit-for-sale-in-bacoor-cavite-garden-ci-170859543293/
CD6503D3FD57948PH,https://www.lamudi.com.ph/new-developments/garden-city-1/for-sale-studio-condo-unit-in-bacoor-cavite-at-gar-170859543553/
CD65D7FFD34F8B9PH,https://www.lamudi.com.ph/new-developments/garden-city-1/1br-condo-unit-for-sale-in-bacoor-cavite-at-garden-170865782231/
CD657002BB7EF84PH,https://www.lamudi.com.ph/new-developments/garden-city-1/for-sale-studio-condo-unit-in-bacoor-cavite-at-gar-170859542788/
CD657002B908040PH,https://www.lamudi.com.ph/new-developments/garden-city-1/2br-condo-unit-for-sale-in-bacoor-cavite-at-garden-170859542368/
CD657002B8EB1C3PH,https://www.lamudi.com.ph/new-developments/garden-city-1/studio-condo-unit-for-sale-in-bacoor-cavite-garden-170859542871/
CD657002B683CDBPH,https://www.lamudi.com.ph/new-developments/garden-city-1/for-sale-executive-studio-condo-unit-in-bacoor-cav-170859542391/
CD64C248C73EED7PH,https://www.lamudi.com.ph/new-developments/westwind-at-lancaster-new-city/1br-w-balcony-low-rise-condo-unit-for-sale-in-gene-170417445052/
CD65F2D2FB8D26BPH,https://www.lamudi.com.ph/new-developments/aviana/1-bedroom-4f-condo-unit-for-sale-in-bucandala-iv-i-17104643380/
CD65F2D2FC015F3PH,https://www.lamudi.com.ph/new-developments/aviana/studio-unit-4f-condo-unit-for-sale-in-bucandala-iv-171046433590/
